problem,dim,iterations,particles,method,fbest,elapsed_s
Sphere,30,2000,60,PSO,5.534140140871252E-48,0.1134419
Sphere,30,2000,60,H-PSO,1.0859444519496559E-61,0.1125095
Rastrigin,10,2000,60,PSO,3.979836228373159,0.0419127
Rastrigin,10,2000,60,H-PSO,2.9848771712798694,0.0442953
Rosenbrock,10,2000,60,PSO,0.028344423866406843,0.040049
Rosenbrock,10,2000,60,H-PSO,0.025644876051705182,0.0415584
SchafferF6,2,2000,60,PSO,0,0.0092607
SchafferF6,2,2000,60,H-PSO,0,0.0110027
