index,y_true,y_pred
0,0.2511111111111111,0.14307985890316144
1,0.3377777777777778,0.3055763228843566
2,0.37333333333333335,0.3230393476968005
3,0.23555555555555555,0.24130561574936701
4,0.08444444444444446,0.07173931574128754
