index,y_true,y_pred
0,0.2511111111111111,0.12793000589168463
1,0.3377777777777778,0.2674486830999278
2,0.37333333333333335,0.34075634100242075
3,0.23555555555555555,0.2438941489870518
4,0.08444444444444446,0.07126678254782903
